mean,median,std,min,max,range,zero_cross_rate
300.3678233604678,300.56710583072334,3.907014581959299,292.42016880174936,309.07628016719735,16.656111365447998,0.0
