file_name,Amusing,Annoying,Anxious,tense,Beautiful,Calm,relaxing,serene,Dreamy,Energizing,pump-up,Erotic,desirous
1,0.03499422752883773,0.5932131398672896,0.20135094647774296,0.0,0.0,0.0,0.0,0.0,0.04305354395478772,0.0,0.0,0.12738814216978123,0.0
